https://media.shorthand.com/media/organisations/8l0nh6McRz/B6bBdTZoGQ/thiet-ke-chua-co-ten-19-750x422.webp?sh-expires-at=1780792096&sh-signature=c84255eeadfc15e95f4031f9aa9af6ea0b212acb782968a2e64b3ee52e9aa3c3	HTTP Error 401: Unauthorized
https://media.shorthand.com/media/organisations/8l0nh6McRz/B6bBdTZoGQ/thiet-ke-chua-co-ten-19-1864x1049.webp?sh-expires-at=1780792096&sh-signature=20ed2bb9fc2ab3bf476924e484862e045dffc140f25589779fbc502876d651fa	HTTP Error 401: Unauthorized
https://media.shorthand.com/media/organisations/8l0nh6McRz/B6bBdTZoGQ/thiet-ke-chua-co-ten-19-2048x1152.webp?sh-expires-at=1780792096&sh-signature=680f958974af2437bb8e2b1488b7b73db6c5d93446b1bd4dc7ac4faa77acebe8	HTTP Error 401: Unauthorized
https://media.shorthand.com/media/organisations/8l0nh6McRz/B6bBdTZoGQ/thiet-ke-chua-co-ten-19-750x422.png?sh-expires-at=1780792096&sh-signature=c3620c407b71a189116f6c3e2aaf03d5e154c330334de7c7bae639c19cebea41	HTTP Error 401: Unauthorized
https://media.shorthand.com/media/organisations/8l0nh6McRz/B6bBdTZoGQ/thiet-ke-chua-co-ten-19-1269x714.png?sh-expires-at=1780792096&sh-signature=deb0fdf0f6e5be1d95402bc7b196d7ebcad4ede0aac16fc40b3232233fbcbe2f	HTTP Error 401: Unauthorized
https://media.shorthand.com/media/organisations/8l0nh6McRz/B6bBdTZoGQ/thiet-ke-chua-co-ten-19-1681x946.png?sh-expires-at=1780792096&sh-signature=3da7ac3b90c12c89fa8ce4ab9465efa72aeae6f2095edc7aa063aa30754ef830	HTTP Error 401: Unauthorized
https://media.shorthand.com/media/organisations/8l0nh6McRz/B6bBdTZoGQ/thiet-ke-chua-co-ten-19-2048x1152.png?sh-expires-at=1780792096&sh-signature=8a3982e68c3c113ba89ab683a29071c2d2c274433b3628e5cb5edfc38e1b9837	HTTP Error 401: Unauthorized
https://media.shorthand.com/media/organisations/8l0nh6McRz/jT6B3I7RgA/snapedit_1708951313271-750x422.webp?sh-expires-at=1780792096&sh-signature=e77ee792b54aa3f2a23690f593dd080435c60e92995458e72b64fbd086c95bae	HTTP Error 401: Unauthorized
https://media.shorthand.com/media/organisations/8l0nh6McRz/jT6B3I7RgA/snapedit_1708951313271-1474x830.webp?sh-expires-at=1780792096&sh-signature=aa4b41a8e35dde6b671256344b6f017fca95e52d84a846ecda87d9d98d0f349c	HTTP Error 401: Unauthorized
https://media.shorthand.com/media/organisations/8l0nh6McRz/jT6B3I7RgA/snapedit_1708951313271-2066x1163.webp?sh-expires-at=1780792096&sh-signature=c4e0d955420a334a2a2fe66b6c76cb974865baed0dc90831d1fc98333fabb1b8	HTTP Error 401: Unauthorized
https://media.shorthand.com/media/organisations/8l0nh6McRz/jT6B3I7RgA/snapedit_1708951313271-2400x1351.webp?sh-expires-at=1780792096&sh-signature=8e9c587eb9e22544c47165d1b80d0da0d82712272fa19287a0ae52bed7e9508a	HTTP Error 401: Unauthorized
https://media.shorthand.com/media/organisations/8l0nh6McRz/jT6B3I7RgA/snapedit_1708951313271-750x422.png?sh-expires-at=1780792096&sh-signature=240460b23bbf7eafc28f3825019a4a3b8551bdf3001b3ed88a5a77f38798a646	HTTP Error 401: Unauthorized
https://media.shorthand.com/media/organisations/8l0nh6McRz/jT6B3I7RgA/snapedit_1708951313271-1457x820.png?sh-expires-at=1780792096&sh-signature=a8d8c845eaaf0b4de247a85f5efda9750bc2ff04ae3f5fc87fbd6fb33cbcc164	HTTP Error 401: Unauthorized
https://media.shorthand.com/media/organisations/8l0nh6McRz/jT6B3I7RgA/snapedit_1708951313271-2001x1126.png?sh-expires-at=1780792096&sh-signature=99ed632587abbaf152952c95f47e3e8ab3d1a7506f9dadf6c071738022aad4d9	HTTP Error 401: Unauthorized
https://media.shorthand.com/media/organisations/8l0nh6McRz/jT6B3I7RgA/snapedit_1708951313271-2400x1351.png?sh-expires-at=1780792096&sh-signature=af151ceb959dcade8663f3d8fbc17f02db766f52d7eebb4cf1fc3c1533d443f7	HTTP Error 401: Unauthorized
https://media.shorthand.com/media/organisations/8l0nh6McRz/UwVpgMqTZG/snapedit_1708951313271-750x422.webp?sh-expires-at=1780792096&sh-signature=1fd8847557577791d6193c75b6f53d752f57f6a4df8669cf6a0ec1b698b3894f	HTTP Error 401: Unauthorized
https://media.shorthand.com/media/organisations/8l0nh6McRz/UwVpgMqTZG/snapedit_1708951313271-1459x821.webp?sh-expires-at=1780792096&sh-signature=f2a06d1ad11dc24a76b2e133d4d91d196f94a11333feb2e95fbaa8c391b9b642	HTTP Error 401: Unauthorized
https://media.shorthand.com/media/organisations/8l0nh6McRz/UwVpgMqTZG/snapedit_1708951313271-2081x1171.webp?sh-expires-at=1780792096&sh-signature=f7beaf266f4f790d76d364cff30902208c073bc707854a39fde816d2fb4c93c4	HTTP Error 401: Unauthorized
https://media.shorthand.com/media/organisations/8l0nh6McRz/UwVpgMqTZG/snapedit_1708951313271-2400x1351.webp?sh-expires-at=1780792096&sh-signature=91207a9b488f6b6a2c14fea6b04ba1c548221762fd9cd04e3d0a6c497c37b0a5	HTTP Error 401: Unauthorized
https://media.shorthand.com/media/organisations/8l0nh6McRz/UwVpgMqTZG/snapedit_1708951313271-750x422.jpg?sh-expires-at=1780792096&sh-signature=4d4b7c0981661563a39c2c6458c1e17cc9d91eadab1603b1e9ee927267d36154	HTTP Error 401: Unauthorized
https://media.shorthand.com/media/organisations/8l0nh6McRz/UwVpgMqTZG/snapedit_1708951313271-1479x833.jpg?sh-expires-at=1780792096&sh-signature=de930b99e51d8331266aa81b31ab35e275529bc609d4302661ab85cd3861c12f	HTTP Error 401: Unauthorized
https://media.shorthand.com/media/organisations/8l0nh6McRz/UwVpgMqTZG/snapedit_1708951313271-2072x1166.jpg?sh-expires-at=1780792096&sh-signature=ed22472405ca6e78b2b6f30274ec29e6a0144d65726c9649a2a3ee2bc9a34537	HTTP Error 401: Unauthorized
https://media.shorthand.com/media/organisations/8l0nh6McRz/UwVpgMqTZG/snapedit_1708951313271-2400x1351.jpg?sh-expires-at=1780792096&sh-signature=f336189f407183303a06f679c76f151dc4e69e901dc305ba802fb35959d2aea5	HTTP Error 401: Unauthorized
https://media.shorthand.com/media/organisations/8l0nh6McRz/JW43WYd33g/snapedit_17089513132743-750x422.webp?sh-expires-at=1780792096&sh-signature=8271d83b9f8e72b9b4427dd2b6a75cce0750f7b91d9d0bebc705c3715f1d5064	HTTP Error 401: Unauthorized
https://media.shorthand.com/media/organisations/8l0nh6McRz/JW43WYd33g/snapedit_17089513132743-1485x836.webp?sh-expires-at=1780792096&sh-signature=4fde904ef17112c597f233bbd78ead61c3fb08133485ddfa0e462ddcd797903b	HTTP Error 401: Unauthorized
https://media.shorthand.com/media/organisations/8l0nh6McRz/JW43WYd33g/snapedit_17089513132743-2081x1171.webp?sh-expires-at=1780792096&sh-signature=d74b1e44bd7ef31aa6654762f39cbdaf7245378ae0f4fafde0b1faa853523919	HTTP Error 401: Unauthorized
https://media.shorthand.com/media/organisations/8l0nh6McRz/JW43WYd33g/snapedit_17089513132743-2400x1351.webp?sh-expires-at=1780792096&sh-signature=cf7c41d069a2013232d48ed949df56c8bdfc843bcdd0ed61771433ef3988eaf8	HTTP Error 401: Unauthorized
https://media.shorthand.com/media/organisations/8l0nh6McRz/JW43WYd33g/snapedit_17089513132743-750x422.jpg?sh-expires-at=1780792096&sh-signature=fe7a00c852dc0cccb13c8677655932f310fd0b9abbb12b9ec52a22e912224b22	HTTP Error 401: Unauthorized
https://media.shorthand.com/media/organisations/8l0nh6McRz/JW43WYd33g/snapedit_17089513132743-1476x831.jpg?sh-expires-at=1780792096&sh-signature=0ec972867b1a67b35c890b057f5936d3d2f1f9eceac03cc251579ca2368bbcd1	HTTP Error 401: Unauthorized
https://media.shorthand.com/media/organisations/8l0nh6McRz/JW43WYd33g/snapedit_17089513132743-2069x1165.jpg?sh-expires-at=1780792096&sh-signature=5e843cdbd0cc21e1afd794ffbf330c43f914b860b91734d201266ee0b0cd72a1	HTTP Error 401: Unauthorized
https://media.shorthand.com/media/organisations/8l0nh6McRz/JW43WYd33g/snapedit_17089513132743-2400x1351.jpg?sh-expires-at=1780792096&sh-signature=5eec10b98043c02d13b9a73352e814037a0a49c859b99fcf4a06d00b284b0ae6	HTTP Error 401: Unauthorized
https://media.shorthand.com/media/organisations/8l0nh6McRz/5IXUqzspPX/snapedit_1708951313271-750x422.webp?sh-expires-at=1780792096&sh-signature=721d65f5f702082b44afff1e5ebb0843bf943a247c407e8ac0f87d8ad27d7573	HTTP Error 401: Unauthorized
https://media.shorthand.com/media/organisations/8l0nh6McRz/5IXUqzspPX/snapedit_1708951313271-1457x820.webp?sh-expires-at=1780792096&sh-signature=02f4c91861a092078422f400f79c5e3700d6a8702dc1e07c0f48024a3ab353d8	HTTP Error 401: Unauthorized
https://media.shorthand.com/media/organisations/8l0nh6McRz/5IXUqzspPX/snapedit_1708951313271-2051x1155.webp?sh-expires-at=1780792096&sh-signature=9161866a63b5cb910593439c00e7dc094301c84eb146027a0856df323a50f0e8	HTTP Error 401: Unauthorized
https://media.shorthand.com/media/organisations/8l0nh6McRz/5IXUqzspPX/snapedit_1708951313271-2400x1351.webp?sh-expires-at=1780792096&sh-signature=35fbe3418f471a0aefed61877174c250e1488eec6988278c0e4675cae0549fcb	HTTP Error 401: Unauthorized
https://media.shorthand.com/media/organisations/8l0nh6McRz/5IXUqzspPX/snapedit_1708951313271-750x422.png?sh-expires-at=1780792096&sh-signature=d1a44f39e2fa20da85d576796ecac96357fbf17a5bb22c055b8bca11897de29c	HTTP Error 401: Unauthorized
https://media.shorthand.com/media/organisations/8l0nh6McRz/5IXUqzspPX/snapedit_1708951313271-1473x829.png?sh-expires-at=1780792096&sh-signature=03ea430d6ed65b03cac3bccf8822a070c8779602794e6c38235c8fe409081e3d	HTTP Error 401: Unauthorized
https://media.shorthand.com/media/organisations/8l0nh6McRz/5IXUqzspPX/snapedit_1708951313271-1971x1110.png?sh-expires-at=1780792096&sh-signature=56f1826d3feada3ddb71e504fbe4c6afb9e104bc62c4720797eba117317b1ad4	HTTP Error 401: Unauthorized
https://media.shorthand.com/media/organisations/8l0nh6McRz/5IXUqzspPX/snapedit_1708951313271-2400x1351.png?sh-expires-at=1780792096&sh-signature=e206eb958e99f44355954247023041e9bf8481cfa835d02334c4730e0dde4191	HTTP Error 401: Unauthorized
https://media.shorthand.com/media/organisations/8l0nh6McRz/OibwuZs6tw/snapedit_1709045379738-750x422.webp?sh-expires-at=1780792096&sh-signature=e321c0cca694005a3e8b94ac6e7d242eb5632ea06f08572485f530fc80a073fd	HTTP Error 401: Unauthorized
https://media.shorthand.com/media/organisations/8l0nh6McRz/OibwuZs6tw/snapedit_1709045379738-1416x797.webp?sh-expires-at=1780792096&sh-signature=c67dd411191300efe8ade937fa533a2daa92f4879d53f88efdafc3c0742049f0	HTTP Error 401: Unauthorized
https://media.shorthand.com/media/organisations/8l0nh6McRz/OibwuZs6tw/snapedit_1709045379738-1990x1120.webp?sh-expires-at=1780792096&sh-signature=c7d5d4dc4b2b521876e5b31590fc4ab68a7d6308890b8bc91e1a03dca74d8f2b	HTTP Error 401: Unauthorized
https://media.shorthand.com/media/organisations/8l0nh6McRz/OibwuZs6tw/snapedit_1709045379738-2400x1351.webp?sh-expires-at=1780792096&sh-signature=972a38e42a4483db800bd28aa59cf69413ec7f18f339e7aa9bf26e4d0c1978a6	HTTP Error 401: Unauthorized
https://media.shorthand.com/media/organisations/8l0nh6McRz/OibwuZs6tw/snapedit_1709045379738-750x422.png?sh-expires-at=1780792096&sh-signature=5a5952563994f8a1ff5459c55eee2f5c74e30ef3d99cea10c95679e47d670ce8	HTTP Error 401: Unauthorized
https://media.shorthand.com/media/organisations/8l0nh6McRz/OibwuZs6tw/snapedit_1709045379738-1494x841.png?sh-expires-at=1780792096&sh-signature=34478fe3600c0c600170798508a1af89471828d28339893c90b01c8e06d418f5	HTTP Error 401: Unauthorized
https://media.shorthand.com/media/organisations/8l0nh6McRz/OibwuZs6tw/snapedit_1709045379738-1968x1108.png?sh-expires-at=1780792096&sh-signature=93f15f658456ee6ade2cbc4c2f8e48054178bc1d712060b0643ded279f70537b	HTTP Error 401: Unauthorized
https://media.shorthand.com/media/organisations/8l0nh6McRz/OibwuZs6tw/snapedit_1709045379738-2400x1351.png?sh-expires-at=1780792096&sh-signature=045c6cb7262bca203a9673eff818c44b6210502f8aa7ac4667cbceae9d4da8bc	HTTP Error 401: Unauthorized
https://media.shorthand.com/media/organisations/8l0nh6McRz/PaBbKXjkTF/artboard-3.5-750x422.webp?sh-expires-at=1780792096&sh-signature=34adf074e7a3d1c990a7136b2b9f84203f69930d7964c0d9941b4a3f50672021	HTTP Error 401: Unauthorized
https://media.shorthand.com/media/organisations/8l0nh6McRz/PaBbKXjkTF/artboard-3.5-1299x731.webp?sh-expires-at=1780792096&sh-signature=c1faf8e975c348cadd2efddbd07c8ba747880c49ae676051c6429b14f196d7d6	HTTP Error 401: Unauthorized
https://media.shorthand.com/media/organisations/8l0nh6McRz/PaBbKXjkTF/artboard-3.5-1684x947.webp?sh-expires-at=1780792096&sh-signature=1071422e66e149ea743ba410f6d5808a40c18fc41906cf275e8ed7b935bb4483	HTTP Error 401: Unauthorized
https://media.shorthand.com/media/organisations/8l0nh6McRz/PaBbKXjkTF/artboard-3.5-1920x1080.webp?sh-expires-at=1780792096&sh-signature=779d941012da8b6630db3d500b3d14d2fc5a78121318f3918fd522506fd85844	HTTP Error 401: Unauthorized
https://media.shorthand.com/media/organisations/8l0nh6McRz/zOsinKM8KB/asset-72-100-750x1271.webp?sh-expires-at=1780792096&sh-signature=485bfa463415b4692322e7d8a2aaf2fab54ba97a405ba397adac54c465efca62	HTTP Error 401: Unauthorized
https://media.shorthand.com/media/organisations/8l0nh6McRz/zOsinKM8KB/asset-72-100-914x1548.webp?sh-expires-at=1780792096&sh-signature=d63a039a55f1c47af28b94d55ea28bb7312909ce726018f0ff685078b5a44285	HTTP Error 401: Unauthorized
https://media.shorthand.com/media/organisations/8l0nh6McRz/zOsinKM8KB/asset-72-100-1096x1857.webp?sh-expires-at=1780792096&sh-signature=6c03ce5ea3119d20b3a5ec59143ce819401bd5e80835e93e01be167c6cff16b9	HTTP Error 401: Unauthorized
https://media.shorthand.com/media/organisations/8l0nh6McRz/zOsinKM8KB/asset-72-100-1154x1955.webp?sh-expires-at=1780792096&sh-signature=3d12b148113b043ecd7f398c253096b4e41152093997cffdc0154584ee71dd2c	HTTP Error 401: Unauthorized
https://media.shorthand.com/media/organisations/8l0nh6McRz/PaBbKXjkTF/artboard-3.5-750x422.png?sh-expires-at=1780792096&sh-signature=9b315ed86d32d56c33af145e65fef9fd87bf2c7c0834029c766fe9ca72456175	HTTP Error 401: Unauthorized
https://media.shorthand.com/media/organisations/8l0nh6McRz/PaBbKXjkTF/artboard-3.5-1085x610.png?sh-expires-at=1780792096&sh-signature=008fb1a85fdeba9c36295f2da1002777dab2b71d1523e532c5ba458ebb116ab2	HTTP Error 401: Unauthorized
https://media.shorthand.com/media/organisations/8l0nh6McRz/PaBbKXjkTF/artboard-3.5-1360x765.png?sh-expires-at=1780792096&sh-signature=7a51fc82e953fc02e97af79be875965051083c3973358c458ae78cbaa7a17ea9	HTTP Error 401: Unauthorized
https://media.shorthand.com/media/organisations/8l0nh6McRz/PaBbKXjkTF/artboard-3.5-1920x1080.png?sh-expires-at=1780792096&sh-signature=a8fb13ad0ecd55440399543c6f571841035892671966a67eb7dea3f76f88fb1f	HTTP Error 401: Unauthorized
https://media.shorthand.com/media/organisations/8l0nh6McRz/zOsinKM8KB/asset-72-100-750x1271.jpg?sh-expires-at=1780792096&sh-signature=395a48b07c46f3e996151b3696dd8e1d8848196fb2dbc2210717ab1090f570cd	HTTP Error 401: Unauthorized
https://media.shorthand.com/media/organisations/8l0nh6McRz/zOsinKM8KB/asset-72-100-910x1542.jpg?sh-expires-at=1780792096&sh-signature=6e4cdbccb923e1019817bbc39a51fcc4e2053c7f3ac605076ec10bcc986ed892	HTTP Error 401: Unauthorized
https://media.shorthand.com/media/organisations/8l0nh6McRz/zOsinKM8KB/asset-72-100-1088x1843.jpg?sh-expires-at=1780792096&sh-signature=07b079fdccd941e28191210a2b5552e240e8fe8f7621d774999db6be8bed0610	HTTP Error 401: Unauthorized
https://media.shorthand.com/media/organisations/8l0nh6McRz/zOsinKM8KB/asset-72-100-1154x1955.jpg?sh-expires-at=1780792096&sh-signature=73b1951a398efca72d6e0c3be65cc54017f86dbd2a4252eacdcb5f4a4a32bb66	HTTP Error 401: Unauthorized
https://media.shorthand.com/media/organisations/8l0nh6McRz/Mt0Xdbfleq/asset-12-416x415.webp?sh-expires-at=1780792096&sh-signature=fdbc54c1a4f04f4b830f13d36dac5c51312206f1b163f66894cfc3d3f39e53c7	HTTP Error 401: Unauthorized
https://media.shorthand.com/media/organisations/8l0nh6McRz/Mt0Xdbfleq/asset-12-416x415.png?sh-expires-at=1780792096&sh-signature=5b71f8bceb47235b2881665ec893b2635be71503d7db0b73ff64f3a3b8d0ab54	HTTP Error 401: Unauthorized
https://media.shorthand.com/media/organisations/8l0nh6McRz/ETkBuP8g9Y/1-900x200.png?sh-expires-at=1780792096&sh-signature=fa4f5d24f5cfc3735853fec6a543bfaf16ee0df471c6a284bbbc9430808861b9	HTTP Error 401: Unauthorized
https://media.shorthand.com/media/organisations/8l0nh6McRz/jZZ4LVSo46/asset-15-415x415.webp?sh-expires-at=1780792096&sh-signature=f60ae3a1e64c852f8204c8516fc07dbbfc8a52350607e33509b464ddb287620b	HTTP Error 401: Unauthorized
https://media.shorthand.com/media/organisations/8l0nh6McRz/LKbGvIUClX/asset-15-415x415.webp?sh-expires-at=1780792096&sh-signature=a06690fb96c4753631f8491dd0a3381770a88170e1e365284f827e6828b593a1	HTTP Error 401: Unauthorized
https://media.shorthand.com/media/organisations/8l0nh6McRz/jZZ4LVSo46/asset-15-415x415.png?sh-expires-at=1780792096&sh-signature=c6d0e851961e7afade204fffbc805987ce0e9923d2539dedc3a1b38c88cb7dde	HTTP Error 401: Unauthorized
https://media.shorthand.com/media/organisations/8l0nh6McRz/LKbGvIUClX/asset-15-415x415.png?sh-expires-at=1780792096&sh-signature=65d535755384e3294021dad6a1692a85a9b6ccb32346e4e5ef734eeb9fa76cd8	HTTP Error 401: Unauthorized
https://media.shorthand.com/media/organisations/8l0nh6McRz/4pcE0ljhS6/2-900x200.png?sh-expires-at=1780792096&sh-signature=85e6b689587187827979936a9c448ae8fa709dcf19b64c1a5cd30bf90584a1fb	HTTP Error 401: Unauthorized
https://media.shorthand.com/media/organisations/8l0nh6McRz/kExQdGTnuF/asset-16-416x415.webp?sh-expires-at=1780792096&sh-signature=bbecbc41b33810234c15fffd9b168878582523ba8e0d2c5b4f042ed11b293705	HTTP Error 401: Unauthorized
https://media.shorthand.com/media/organisations/8l0nh6McRz/kExQdGTnuF/asset-16-416x415.png?sh-expires-at=1780792096&sh-signature=f91e54fd9ffef09b1c7b65ff9370f1888ecb8c3ff3e3de4b02fbccca36837465	HTTP Error 401: Unauthorized
https://media.shorthand.com/media/organisations/8l0nh6McRz/p5Ib3Spk48/3-900x200.png?sh-expires-at=1780792096&sh-signature=8d45ff18c4dbc177965859fefa2493135f90ee67b8d6860d7a3adc2bf243db29	HTTP Error 401: Unauthorized
https://media.shorthand.com/media/organisations/8l0nh6McRz/X7DAedWkSM/artboard-5-750x422.webp?sh-expires-at=1780792096&sh-signature=1b4e897dfc375013ed933bcb7b9b5bd343aaef91166ffd8934234a20d8ae9a8b	HTTP Error 401: Unauthorized
https://media.shorthand.com/media/organisations/8l0nh6McRz/X7DAedWkSM/artboard-5-1426x802.webp?sh-expires-at=1780792096&sh-signature=5d53a816def230029d5bba72540bf086176a9ca2d8b0cf4fa773e21ee0608256	HTTP Error 401: Unauthorized
https://media.shorthand.com/media/organisations/8l0nh6McRz/X7DAedWkSM/artboard-5-1883x1059.webp?sh-expires-at=1780792096&sh-signature=d8df800c8695ce8290fb24d12b57c5e0d49c69cc386d625c0659089c804b5d9e	HTTP Error 401: Unauthorized
https://media.shorthand.com/media/organisations/8l0nh6McRz/X7DAedWkSM/artboard-5-1920x1080.webp?sh-expires-at=1780792096&sh-signature=bb7d685bb0cb86d7dd25e61d7bd4ca19fc17b1d44853f7f43c0e4f3adec3f6be	HTTP Error 401: Unauthorized
https://media.shorthand.com/media/organisations/8l0nh6McRz/X7DAedWkSM/artboard-5-750x422.png?sh-expires-at=1780792096&sh-signature=96ca9dcc1be094d8af6b39bded2b6febf9e8b153e9234cfa88aaf3838777a8c5	HTTP Error 401: Unauthorized
https://media.shorthand.com/media/organisations/8l0nh6McRz/X7DAedWkSM/artboard-5-1091x614.png?sh-expires-at=1780792096&sh-signature=50da360f094f5ca4ff5d20fe603254f89a9446961af230c906f53f565afe5dbb	HTTP Error 401: Unauthorized
https://media.shorthand.com/media/organisations/8l0nh6McRz/X7DAedWkSM/artboard-5-1319x742.png?sh-expires-at=1780792096&sh-signature=2c5ca86d8ac32ecec25d23ac7aac0b480f149b5c214d980f07aa185c43f15eaa	HTTP Error 401: Unauthorized
https://media.shorthand.com/media/organisations/8l0nh6McRz/X7DAedWkSM/artboard-5-1920x1080.png?sh-expires-at=1780792096&sh-signature=5f4bcb3c681b142df5602c8447b4a644d20873dbc63d4b1e5377ab710e65b7c2	HTTP Error 401: Unauthorized